id,Amount_of_Containers,Status
td1,5,shipped
td2,3,shipped
td3,3,shipped
td4,5,shipped
td5,4,shipped
td6,4,shipped
td7,3,shipped
td8,3,shipped
td9,4,shipped
td10,5,shipped
td11,2,shipped
td12,4,shipped
td13,4,shipped
td14,3,shipped
td15,5,shipped
td16,1,shipped
td17,5,shipped
td18,4,shipped
td19,4,shipped
td20,4,shipped
td21,2,shipped
td22,4,shipped
td23,3,shipped
td24,4,shipped
td25,5,shipped
td26,5,shipped
td27,3,shipped
td28,5,shipped
td29,5,shipped
td30,3,shipped
td31,2,shipped
td32,2,shipped
td33,3,shipped
td34,2,shipped
td35,4,shipped
td36,4,shipped
td37,4,shipped
td38,2,shipped
td39,1,shipped
td40,3,shipped
td41,3,shipped
td42,3,shipped
td43,2,shipped
td44,5,shipped
td45,5,shipped
td46,5,shipped
td47,5,shipped
td48,3,shipped
td49,3,shipped
td50,3,shipped
td51,5,shipped
td52,3,shipped
td53,3,shipped
td54,5,shipped
td55,4,shipped
td56,5,shipped
td57,5,shipped
td58,2,shipped
td59,3,shipped
td60,4,shipped
td61,5,shipped
td62,2,shipped
td63,3,shipped
td64,1,shipped
td65,2,shipped
td66,4,shipped
td67,3,shipped
td68,5,shipped
td69,3,shipped
td70,5,shipped
td71,3,shipped
td72,5,shipped
td73,2,shipped
td74,5,shipped
td75,3,shipped
td76,4,shipped
td77,3,shipped
td78,2,shipped
td79,4,shipped
td80,5,shipped
td81,4,shipped
td82,3,shipped
td83,4,shipped
td84,4,shipped
td85,5,shipped
td86,3,shipped
td87,2,shipped
td88,5,shipped
td89,5,shipped
td90,5,shipped
td91,5,shipped
td92,3,shipped
td93,5,shipped
td94,4,shipped
td95,2,shipped
td96,3,shipped
td97,3,shipped
td98,4,shipped
td99,5,shipped
td100,3,shipped
td101,4,shipped
td102,2,shipped
td103,2,shipped
td104,3,shipped
td105,4,shipped
td106,3,shipped
td107,4,shipped
td108,5,shipped
td109,2,shipped
td110,5,shipped
td111,2,shipped
td112,3,shipped
td113,4,shipped
td114,4,shipped
td115,4,shipped
td116,2,shipped
td117,4,shipped
td118,2,shipped
td119,5,shipped
td120,2,shipped
td121,5,shipped
td122,5,shipped
td123,4,shipped
td124,5,shipped
td125,3,shipped
td126,4,shipped
td127,5,shipped
td128,3,shipped
td129,5,shipped
td130,2,shipped
td131,3,shipped
td132,4,shipped
td133,3,shipped
td134,5,shipped
td135,4,shipped
td136,2,shipped
td137,5,shipped
td138,2,shipped
td139,3,shipped
td140,3,shipped
td141,4,shipped
td142,2,shipped
td143,3,shipped
td144,2,shipped
td145,4,shipped
td146,2,shipped
td147,5,shipped
td148,2,shipped
td149,3,shipped
td150,4,shipped
td151,2,shipped
td152,3,shipped
td153,3,shipped
td154,5,shipped
td155,4,shipped
td156,1,shipped
td157,3,shipped
td158,4,shipped
td159,2,shipped
td160,4,shipped
td161,4,shipped
td162,5,shipped
td163,2,shipped
td164,2,shipped
td165,2,shipped
td166,4,shipped
td167,2,shipped
td168,2,shipped
td169,5,shipped
td170,2,shipped
td171,4,shipped
td172,4,shipped
td173,4,shipped
td174,4,shipped
td175,4,shipped
td176,5,shipped
td177,3,shipped
td178,4,shipped
td179,4,shipped
td180,2,shipped
td181,1,shipped
td182,3,shipped
td183,5,shipped
td184,5,shipped
td185,3,shipped
td186,2,shipped
td187,4,shipped
td188,5,shipped
td189,3,shipped
td190,3,shipped
td191,2,shipped
td192,5,shipped
td193,2,shipped
td194,2,shipped
td195,2,shipped
td196,4,shipped
td197,3,shipped
td198,3,shipped
td199,5,shipped
td200,1,shipped
td201,2,shipped
td202,4,shipped
td203,5,shipped
td204,5,shipped
td205,4,shipped
td206,5,shipped
td207,3,shipped
td208,3,shipped
td209,2,shipped
td210,4,shipped
td211,4,shipped
td212,3,shipped
td213,2,shipped
td214,5,shipped
td215,5,shipped
td216,2,shipped
td217,4,shipped
td218,5,shipped
td219,4,shipped
td220,3,shipped
td221,2,shipped
td222,4,shipped
td223,3,shipped
td224,5,shipped
td225,5,shipped
td226,5,shipped
td227,5,shipped
td228,5,shipped
td229,3,shipped
td230,2,shipped
td231,3,shipped
td232,3,shipped
td233,2,shipped
td234,1,shipped
td235,5,shipped
td236,3,shipped
td237,4,shipped
td238,4,shipped
td239,2,shipped
td240,2,shipped
td241,2,shipped
td242,5,shipped
td243,5,shipped
td244,5,shipped
td245,5,shipped
td246,3,shipped
td247,3,shipped
td248,2,shipped
td249,5,shipped
td250,4,shipped
td251,3,shipped
td252,2,shipped
td253,3,shipped
td254,4,shipped
td255,5,shipped
td256,3,shipped
td257,4,shipped
td258,3,shipped
td259,2,shipped
td260,5,shipped
td261,5,shipped
td262,2,shipped
td263,5,shipped
td264,4,shipped
td265,2,shipped
td266,4,shipped
td267,2,shipped
td268,3,shipped
td269,5,shipped
td270,3,shipped
td271,2,shipped
td272,2,shipped
td273,2,shipped
td274,5,shipped
td275,2,shipped
td276,2,shipped
td277,5,shipped
td278,5,shipped
td279,4,shipped
td280,2,shipped
td281,3,shipped
td282,2,shipped
td283,3,shipped
td284,5,shipped
td285,4,shipped
td286,5,shipped
td287,3,shipped
td288,5,shipped
td289,5,shipped
td290,2,shipped
td291,4,shipped
td292,4,shipped
td293,3,shipped
td294,3,shipped
td295,4,shipped
td296,3,shipped
td297,3,shipped
td298,2,shipped
td299,5,shipped
td300,5,shipped
td301,2,shipped
td302,5,shipped
td303,3,shipped
td304,3,shipped
td305,2,shipped
td306,2,shipped
td307,3,shipped
td308,5,shipped
td309,2,shipped
td310,3,shipped
td311,5,shipped
td312,2,shipped
td313,4,shipped
td314,5,shipped
td315,5,shipped
td316,2,shipped
td317,3,shipped
td318,4,shipped
td319,1,shipped
td320,3,shipped
td321,3,shipped
td322,4,shipped
td323,4,shipped
td324,5,shipped
td325,5,shipped
td326,3,shipped
td327,2,shipped
td328,5,shipped
td329,1,shipped
td330,5,shipped
td331,4,shipped
td332,4,shipped
td333,5,shipped
td334,5,shipped
td335,2,shipped
td336,3,shipped
td337,3,shipped
td338,2,shipped
td339,4,shipped
td340,2,shipped
td341,2,shipped
td342,2,shipped
td343,4,shipped
td344,2,shipped
td345,4,shipped
td346,5,shipped
td347,1,shipped
td348,3,shipped
td349,2,shipped
td350,2,shipped
td351,3,shipped
td352,3,shipped
td353,4,shipped
td354,5,shipped
td355,4,shipped
td356,4,shipped
td357,2,shipped
td358,2,shipped
td359,3,shipped
td360,3,shipped
td361,2,shipped
td362,5,shipped
td363,3,shipped
td364,4,shipped
td365,4,shipped
td366,4,shipped
td367,5,shipped
td368,3,shipped
td369,5,shipped
td370,2,shipped
td371,1,shipped
td372,5,shipped
td373,2,shipped
td374,4,shipped
td375,3,shipped
td376,4,shipped
td377,5,shipped
td378,3,shipped
td379,4,shipped
td380,3,shipped
td381,5,shipped
td382,4,shipped
td383,5,shipped
td384,2,shipped
td385,3,shipped
td386,4,shipped
td387,1,shipped
td388,2,shipped
td389,1,shipped
td390,4,shipped
td391,2,shipped
td392,4,shipped
td393,4,shipped
td394,4,shipped
td395,3,shipped
td396,3,shipped
td397,5,shipped
td398,3,shipped
td399,5,shipped
td400,3,shipped
td401,3,shipped
td402,5,shipped
td403,5,shipped
td404,2,shipped
td405,4,shipped
td406,4,shipped
td407,5,shipped
td408,4,shipped
td409,4,shipped
td410,4,shipped
td411,5,shipped
td412,1,shipped
td413,5,shipped
td414,2,shipped
td415,5,shipped
td416,4,shipped
td417,4,shipped
td418,2,shipped
td419,2,shipped
td420,3,shipped
td421,5,shipped
td422,4,shipped
td423,4,shipped
td424,4,shipped
td425,2,shipped
td426,3,shipped
td427,2,shipped
td428,2,shipped
td429,5,shipped
td430,5,shipped
td431,5,shipped
td432,3,shipped
td433,2,shipped
td434,3,shipped
td435,2,shipped
td436,3,shipped
td437,4,shipped
td438,4,shipped
td439,2,shipped
td440,1,shipped
td441,5,shipped
td442,3,shipped
td443,5,shipped
td444,3,shipped
td445,5,shipped
td446,2,shipped
td447,4,shipped
td448,2,shipped
td449,5,shipped
td450,3,shipped
td451,4,shipped
td452,2,shipped
td453,2,shipped
td454,3,shipped
td455,2,shipped
td456,1,shipped
td457,3,shipped
td458,2,shipped
td459,5,shipped
td460,4,shipped
td461,3,shipped
td462,2,shipped
td463,2,shipped
td464,5,shipped
td465,5,shipped
td466,4,shipped
td467,5,shipped
td468,2,shipped
td469,3,shipped
td470,3,shipped
td471,3,shipped
td472,3,shipped
td473,2,shipped
td474,5,shipped
td475,3,shipped
td476,2,shipped
td477,1,shipped
td478,4,shipped
td479,2,shipped
td480,3,shipped
td481,2,shipped
td482,3,shipped
td483,2,shipped
td484,2,shipped
td485,4,shipped
td486,5,shipped
td487,5,shipped
td488,2,shipped
td489,5,shipped
td490,2,shipped
td491,3,shipped
td492,1,shipped
td493,4,shipped
td494,3,shipped
td495,4,shipped
td496,1,shipped
td497,3,shipped
td498,2,shipped
td499,3,shipped
td500,4,shipped
td501,3,shipped
td502,3,shipped
td503,5,shipped
td504,2,shipped
td505,3,shipped
td506,5,shipped
td507,5,shipped
td508,4,shipped
td509,3,shipped
td510,3,shipped
td511,3,shipped
td512,4,shipped
td513,4,shipped
td514,4,shipped
td515,4,shipped
td516,3,shipped
td517,5,shipped
td518,3,shipped
td519,5,shipped
td520,4,shipped
td521,3,shipped
td522,3,shipped
td523,2,shipped
td524,2,shipped
td525,4,shipped
td526,3,shipped
td527,4,shipped
td528,3,shipped
td529,4,shipped
td530,4,shipped
td531,5,shipped
td532,3,shipped
td533,3,shipped
td534,5,shipped
td535,3,shipped
td536,5,shipped
td537,4,shipped
td538,4,shipped
td539,2,shipped
td540,2,shipped
td541,2,shipped
td542,3,shipped
td543,3,shipped
td544,3,shipped
td545,5,shipped
td546,5,shipped
td547,4,shipped
td548,3,shipped
td549,3,shipped
td550,4,shipped
td551,3,shipped
td552,2,shipped
td553,2,shipped
td554,3,shipped
td555,4,shipped
td556,5,shipped
td557,5,shipped
td558,5,shipped
td559,1,shipped
td560,4,shipped
td561,5,shipped
td562,2,shipped
td563,2,shipped
td564,4,shipped
td565,5,in_transit
td566,3,shipped
td567,5,shipped
td568,2,shipped
td569,2,shipped
td570,3,shipped
td571,3,in_transit
td572,2,shipped
td573,3,
td574,3,in_transit
td575,3,
td576,2,in_transit
td577,3,in_transit
td578,3,shipped
td579,3,in_transit
td580,2,in_transit
td581,2,
td582,5,
td583,1,
td584,4,
td585,5,in_transit
td586,2,
td587,3,
td588,3,
td589,3,
td590,5,
td591,4,
td592,1,
td593,5,
td594,2,
