id,Payment Method (ZLSCH),Amount (DMBTR),new_value
payment:629,,,
payment:812,,,
payment:448,,,
payment:807,,,
payment:6,,,
payment:298,,,
payment:32,,,
payment:67,,,
payment:377,,,
payment:152,,,
payment:146,,,
payment:672,,,
payment:605,,,
payment:368,,,
payment:757,,,
payment:599,,,
payment:15,,,
payment:113,,,
payment:58,,,
payment:835,,,
payment:429,,,
payment:551,,,
payment:871,,,
payment:833,,,
payment:621,,,
payment:699,,,
payment:763,,,
payment:701,,,
payment:437,,,
payment:310,,,
payment:324,,,
payment:237,,,
payment:854,,,
payment:128,,,
payment:507,,,
payment:553,,,
payment:355,,,
payment:781,,,
payment:148,,,
payment:30,,,
payment:855,,,
payment:776,,,
payment:165,,,
payment:659,,,
payment:297,,,
payment:248,,,
payment:474,,,
payment:201,,,
payment:386,,,
payment:560,,,
payment:645,,,
payment:285,,,
payment:59,,,
payment:56,,,
payment:239,,,
payment:294,,,
payment:194,,,
payment:478,,,
payment:671,,,
payment:80,,,
payment:400,,,
payment:295,,,
payment:273,,,
payment:366,,,
payment:104,,,
payment:135,,,
payment:853,,,
payment:886,,,
payment:301,,,
payment:565,,,
payment:922,,,
payment:800,,,
payment:281,,,
payment:446,,,
payment:750,,,
payment:327,,,
payment:50,,,
payment:115,,,
payment:445,,,
payment:166,,,
payment:589,,,
payment:371,,,
payment:692,,,
payment:690,,,
payment:314,,,
payment:516,,,
payment:29,,,
payment:27,,,
payment:523,,,
payment:136,,,
payment:639,,,
payment:490,,,
payment:435,,,
payment:893,,,
payment:891,,,
payment:57,,,
payment:277,,,
payment:123,,,
payment:25,,,
payment:98,,,
payment:610,,,
payment:443,,,
payment:475,,,
payment:631,,,
payment:753,,,
payment:246,,,
payment:798,,,
payment:700,,,
payment:894,,,
payment:252,,,
payment:806,,,
payment:586,,,
payment:250,,,
payment:885,,,
payment:221,,,
payment:8,,,
payment:110,,,
payment:48,,,
payment:130,,,
payment:797,,,
payment:825,,,
payment:673,,,
payment:921,,,
payment:288,,,
payment:348,,,
payment:549,,,
payment:592,,,
payment:66,,,
payment:664,,,
payment:344,,,
payment:225,,,
payment:731,,,
payment:143,,,
payment:881,,,
payment:280,,,
payment:872,,,
payment:419,,,
payment:299,,,
payment:60,,,
payment:801,,,
payment:42,,,
payment:107,,,
payment:766,,,
payment:476,,,
payment:45,,,
payment:604,,,
payment:495,,,
payment:500,,,
payment:496,,,
payment:233,,,
payment:245,,,
payment:693,,,
payment:408,,,
payment:318,,,
payment:679,,,
payment:40,,,
payment:13,,,
payment:353,,,
payment:154,,,
payment:99,,,
payment:291,,,
payment:374,,,
payment:417,,,
payment:713,,,
payment:62,,,
payment:479,,,
payment:337,,,
payment:663,,,
payment:378,,,
payment:175,,,
payment:492,,,
payment:108,,,
payment:279,,,
payment:151,,,
payment:413,,,
payment:185,,,
payment:381,,,
payment:636,,,
payment:887,,,
payment:710,,,
payment:370,,,
payment:537,,,
payment:410,,,
payment:721,,,
payment:824,,,
payment:322,,,
payment:556,,,
payment:493,,,
payment:414,,,
payment:272,,,
payment:69,,,
payment:832,,,
payment:889,,,
payment:1,,,
payment:752,,,
payment:156,,,
payment:668,,,
payment:509,,,
payment:303,,,
payment:439,,,
payment:226,,,
payment:795,,,
payment:364,,,
payment:394,,,
payment:43,,,
payment:282,,,
payment:267,,,
payment:689,,,
payment:328,,,
payment:914,,,
payment:87,,,
payment:95,,,
payment:759,,,
payment:477,,,
payment:465,,,
payment:558,,,
payment:666,,,
payment:834,,,
payment:606,,,
payment:346,,,
payment:340,,,
payment:347,,,
payment:234,,,
payment:412,,,
payment:557,,,
payment:24,,,
payment:741,,,
payment:323,,,
payment:596,,,
payment:640,,,
payment:224,,,
payment:691,,,
payment:616,,,
payment:481,,,
payment:711,,,
payment:391,,,
payment:131,,,
payment:736,,,
payment:430,,,
payment:402,,,
payment:576,,,
payment:242,,,
payment:590,,,
payment:184,,,
payment:222,,,
payment:571,,,
payment:453,,,
payment:623,,,
payment:76,,,
payment:483,,,
payment:900,,,
payment:379,,,
payment:88,,,
payment:707,,,
payment:480,,,
payment:823,,,
payment:144,,,
payment:3,,,
payment:613,,,
payment:244,,,
payment:212,,,
payment:304,,,
payment:845,,,
payment:883,,,
payment:405,,,
payment:354,,,
payment:94,,,
payment:550,,,
payment:64,,,
payment:720,,,
payment:746,,,
payment:561,,,
payment:740,,,
payment:738,,,
payment:407,,,
payment:694,,,
payment:849,,,
payment:528,,,
payment:734,,,
payment:499,,,
payment:642,,,
payment:755,,,
payment:598,,,
payment:90,,,
payment:373,,,
payment:577,,,
payment:486,,,
payment:542,,,
payment:816,,,
payment:611,,,
payment:522,,,
payment:116,,,
payment:918,,,
payment:532,,,
payment:877,,,
payment:846,,,
payment:725,,,
payment:311,,,
payment:205,,,
payment:142,,,
payment:485,,,
payment:287,,,
payment:735,,,
payment:332,,,
payment:276,,,
payment:436,,,
payment:325,,,
payment:648,,,
payment:258,,,
payment:403,,,
payment:46,,,
payment:737,,,
payment:203,,,
payment:363,,,
payment:555,,,
payment:454,,,
payment:654,,,
payment:68,,,
payment:263,,,
payment:275,,,
payment:47,,,
payment:218,,,
payment:503,,,
payment:719,,,
payment:352,,,
payment:190,,,
payment:917,,,
payment:635,,,
payment:830,,,
payment:442,,,
payment:618,,,
payment:17,,,
payment:472,,,
payment:484,,,
payment:789,,,
payment:12,,,
payment:192,,,
payment:749,,,
payment:544,,,
payment:584,,,
payment:838,,,
payment:157,,,
payment:851,,,
payment:260,,,
payment:926,,,
payment:118,,,
payment:569,,,
payment:770,,,
payment:420,,,
payment:390,,,
payment:357,,,
payment:284,,,
payment:290,,,
payment:183,,,
payment:117,,,
payment:774,,,
payment:684,,,
payment:497,,,
payment:164,,,
payment:100,,,
payment:491,,,
payment:884,,,
payment:422,,,
payment:330,,,
payment:63,,,
payment:423,,,
payment:289,,,
payment:510,,,
payment:670,,,
payment:925,,,
payment:361,,,
payment:903,,,
payment:306,,,
payment:37,,,
payment:696,,,
payment:178,,,
payment:665,,,
payment:317,,,
payment:539,,,
payment:308,,,
payment:358,,,
payment:461,,,
payment:365,,,
payment:167,,,
payment:869,,,
payment:231,,,
payment:695,,,
payment:882,,,
payment:597,,,
payment:899,,,
payment:790,,,
payment:601,,,
payment:473,,,
payment:418,,,
payment:71,,,
payment:61,,,
payment:240,,,
payment:582,,,
payment:257,,,
payment:39,,,
payment:646,,,
payment:913,,,
payment:588,,,
payment:786,,,
payment:810,,,
payment:112,,,
payment:264,,,
payment:603,,,
payment:572,,,
payment:760,,,
payment:866,,,
payment:487,,,
payment:683,,,
payment:31,,,
payment:506,,,
payment:53,,,
payment:874,,,
payment:36,,,
payment:172,,,
payment:714,,,
payment:804,,,
payment:119,,,
payment:326,,,
payment:524,,,
payment:511,,,
payment:541,,,
payment:578,,,
payment:270,,,
payment:138,,,
payment:426,,,
payment:888,,,
payment:5,,,
payment:864,,,
payment:111,,,
payment:173,,,
payment:447,,,
payment:548,,,
payment:857,,,
payment:200,,,
payment:7,,,
payment:159,,,
payment:462,,,
payment:44,,,
payment:170,,,
payment:546,,,
payment:619,,,
payment:634,,,
payment:133,,,
payment:775,,,
payment:266,,,
payment:890,,,
payment:787,,,
payment:821,,,
payment:649,,,
payment:26,,,
payment:637,,,
payment:685,,,
payment:906,,,
payment:73,,,
payment:515,,,
payment:213,,,
payment:392,,,
payment:501,,,
payment:397,,,
payment:132,,,
payment:744,,,
payment:608,,,
payment:241,,,
payment:122,,,
payment:627,,,
payment:171,,,
payment:74,,,
payment:704,,,
payment:92,,,
payment:10,,,
payment:828,,,
payment:16,,,
payment:764,,,
payment:421,,,
payment:904,,,
payment:141,,,
payment:206,,,
payment:758,,,
payment:176,,,
payment:197,,,
payment:34,,,
payment:669,,,
payment:784,,,
payment:688,,,
payment:902,,,
payment:425,,,
payment:513,,,
payment:792,,,
payment:49,,,
payment:271,,,
payment:424,,,
payment:187,,,
payment:661,,,
payment:384,,,
payment:120,,,
payment:915,,,
payment:923,,,
payment:660,,,
payment:217,,,
payment:643,,,
payment:860,,,
payment:575,,,
payment:321,,,
payment:574,,,
payment:873,,,
payment:139,,,
payment:336,,,
payment:585,,,
payment:313,,,
payment:198,,,
payment:767,,,
payment:186,,,
payment:680,,,
payment:901,,,
payment:4,,,
payment:779,,,
payment:102,,,
payment:93,,,
payment:106,,,
payment:818,,,
payment:504,,,
payment:471,,,
payment:614,,,
payment:761,,,
payment:383,,,
payment:444,,,
payment:909,,,
payment:498,,,
payment:459,,,
payment:411,,,
payment:647,,,
payment:805,,,
payment:911,,,
payment:320,,,
payment:728,,,
payment:638,,,
payment:268,,,
payment:20,,,
payment:724,,,
payment:356,,,
payment:449,,,
payment:351,,,
payment:126,,,
payment:372,,,
payment:531,,,
payment:698,,,
payment:362,,,
payment:831,,,
payment:924,,,
payment:227,,,
payment:897,,,
payment:748,,,
payment:38,,,
payment:169,,,
payment:199,,,
payment:722,,,
payment:269,,,
payment:705,,,
payment:228,,,
payment:153,,,
payment:868,,,
payment:296,,,
payment:703,,,
payment:850,,,
payment:97,,,
payment:369,,,
payment:387,,,
payment:842,,,
payment:863,,,
payment:307,,,
payment:852,,,
payment:862,,,
payment:468,,,
payment:147,,,
payment:910,,,
payment:140,,,
payment:521,,,
payment:338,,,
payment:533,,,
payment:898,,,
payment:912,,,
payment:300,,,
payment:708,,,
payment:65,,,
payment:564,,,
payment:114,,,
payment:179,,,
payment:535,,,
payment:677,,,
payment:208,,,
payment:771,,,
payment:856,,,
payment:859,,,
payment:125,,,
payment:892,,,
payment:633,,,
payment:464,,,
payment:21,,,
payment:534,,,
payment:717,,,
payment:712,,,
payment:103,,,
payment:662,,,
payment:568,,,
payment:19,,,
payment:847,,,
payment:706,,,
payment:77,,,
payment:109,,,
payment:742,,,
payment:309,,,
payment:398,,,
payment:538,,,
payment:211,,,
payment:813,,,
payment:794,,,
payment:401,,,
payment:527,,,
payment:2,,,
payment:54,,,
payment:416,,,
payment:656,,,
payment:72,,,
payment:158,,,
payment:678,,,
payment:150,,,
payment:220,,,
payment:385,,,
payment:380,,,
payment:840,,,
payment:162,,,
payment:600,,,
payment:382,,,
payment:14,,,
payment:788,,,
payment:243,,,
payment:880,,,
payment:428,,,
payment:593,,,
payment:520,,,
payment:626,,,
payment:559,,,
payment:312,,,
payment:219,,,
payment:540,,,
payment:773,,,
payment:567,,,
payment:470,,,
payment:502,,,
payment:843,,,
payment:791,,,
payment:772,,,
payment:785,,,
payment:819,,,
payment:625,,,
payment:617,,,
payment:517,,,
payment:723,,,
payment:530,,,
payment:875,,,
payment:124,,,
payment:389,,,
payment:778,,,
payment:79,,,
payment:341,,,
payment:23,,,
payment:747,,,
payment:149,,,
payment:315,,,
payment:562,,,
payment:907,,,
payment:214,,,
payment:686,,,
payment:235,,,
payment:22,,,
payment:155,,,
payment:644,,,
payment:726,,,
payment:466,,,
payment:463,,,
payment:641,,,
payment:739,,,
payment:101,,,
payment:667,,,
payment:427,,,
payment:655,,,
payment:916,,,
payment:732,,,
payment:91,,,
payment:780,,,
payment:18,,,
payment:554,,,
payment:215,,,
payment:545,,,
payment:350,,,
payment:229,,,
payment:543,,,
payment:841,,,
payment:174,,,
payment:811,,,
payment:433,,,
payment:650,,,
payment:536,,,
payment:431,,,
payment:709,,,
payment:858,,,
payment:594,,,
payment:195,,,
payment:33,,,
payment:127,,,
payment:687,,,
payment:682,,,
payment:376,,,
payment:458,,,
payment:404,,,
payment:908,,,
payment:587,,,
payment:161,,,
payment:28,,,
payment:658,,,
payment:216,,,
payment:769,,,
payment:193,,,
payment:733,,,
payment:55,,,
payment:579,,,
payment:674,,,
payment:81,,,
payment:137,,,
payment:434,,,
payment:675,,,
payment:335,,,
payment:0,,,
payment:729,,,
payment:134,,,
payment:793,,,
payment:177,,,
payment:432,,,
payment:581,,,
payment:519,,,
payment:333,,,
payment:399,,,
payment:232,,,
payment:620,,,
payment:121,,,
payment:494,,,
payment:292,,,
payment:839,,,
payment:168,,,
payment:628,,,
payment:920,,,
payment:488,,,
payment:681,,,
payment:85,,,
payment:249,,,
payment:591,,,
payment:286,,,
payment:796,,,
payment:375,,,
payment:395,,,
payment:455,,,
payment:652,,,
payment:207,,,
payment:566,,,
payment:730,,,
payment:89,,,
payment:802,,,
payment:293,,,
payment:777,,,
payment:826,,,
payment:580,,,
payment:563,,,
payment:82,,,
payment:265,,,
payment:651,,,
payment:253,,,
payment:302,,,
payment:508,,,
payment:460,,,
payment:84,,,
payment:848,,,
payment:182,,,
payment:334,,,
payment:570,,,
payment:861,,,
payment:716,,,
payment:251,,,
payment:526,,,
payment:697,,,
payment:254,,,
payment:181,,,
payment:607,,,
payment:450,,,
payment:803,,,
payment:505,,,
payment:514,,,
payment:204,,,
payment:615,,,
payment:331,,,
payment:512,,,
payment:765,,,
payment:612,,,
payment:255,,,
payment:129,,,
payment:727,,,
payment:573,,,
payment:456,,,
payment:829,,,
payment:622,,,
payment:202,,,
payment:768,,,
payment:817,,,
payment:718,,,
payment:51,,,
payment:702,,,
payment:905,,,
payment:345,,,
payment:163,,,
payment:715,,,
payment:525,,,
payment:210,,,
payment:78,,,
payment:262,,,
payment:809,,,
payment:583,,,
payment:11,,,
payment:467,,,
payment:529,,,
payment:552,,,
payment:745,,,
payment:657,,,
payment:247,,,
payment:75,,,
payment:278,,,
payment:319,,,
payment:409,,,
payment:343,,,
payment:632,,,
payment:482,,,
payment:518,,,
payment:305,,,
payment:259,,,
payment:223,,,
payment:609,,,
payment:756,,,
payment:782,,,
payment:751,,,
payment:360,,,
payment:865,,,
payment:876,,,
payment:547,,,
payment:388,,,
payment:145,,,
payment:188,,,
payment:256,,,
payment:236,,,
payment:799,,,
payment:191,,,
payment:820,,,
payment:367,,,
payment:867,,,
payment:230,,,
payment:895,,,
payment:783,,,
payment:896,,,
payment:9,,,
payment:837,,,
payment:83,,,
payment:595,,,
payment:808,,,
payment:630,,,
payment:393,,,
payment:406,,,
payment:274,,,
payment:870,,,
payment:35,,,
payment:602,,,
payment:844,,,
payment:836,,,
payment:754,,,
payment:441,,,
payment:815,,,
payment:261,,,
payment:457,,,
payment:238,,,
payment:440,,,
payment:489,,,
payment:342,,,
payment:469,,,
payment:105,,,
payment:41,,,
payment:415,,,
payment:452,,,
payment:86,,,
payment:96,,,
payment:624,,,
payment:919,,,
payment:180,,,
payment:879,,,
payment:329,,,
payment:283,,,
payment:762,,,
payment:339,,,
payment:676,,,
payment:316,,,
payment:160,,,
payment:438,,,
payment:70,,,
payment:743,,,
payment:209,,,
payment:653,,,
payment:878,,,
payment:349,,,
payment:189,,,
payment:827,,,
payment:359,,,
payment:822,,,
payment:396,,,
payment:196,,,
payment:52,,,
payment:814,,,
payment:451,,,
